{"cameraMode":{"drawMode":0,"name":"Shaded","section":"Shading Mode"},"sceneLighting":true,"audioPlay":false,"sceneViewState":{"m_AlwaysRefresh":false,"showFog":true,"showSkybox":true,"showFlares":true,"showImageEffects":true,"showParticleSystems":true,"showVisualEffectGraphs":true,"m_FxEnabled":true},"in2DMode":false,"pivot":{"x":-0.5167703628540039,"y":1.0141522884368897,"z":8.637189865112305},"rotation":{"x":0.08562688529491425,"y":0.6371503472328186,"z":-0.07153738290071488,"w":0.7626292109489441},"size":2.188322067260742,"orthographic":false}